match,value,type
name,food,food
name,groceries,food
name,grocery,food
name,supermarket,food
name,restaurants,food
name,restaurant,food
name,dining,food
name,eating out,food
name,takeaway,food
name,takeout,food
name,coffee,food
name,cafe,food
name,lunch,food
name,drinks,food
name,car,transport
name,transport,transport
name,transportation,transport
name,petrol,transport
name,fuel,transport
name,gas,transport
name,diesel,transport
name,parking,transport
name,taxi,transport
name,commute,transport
name,bus,transport
name,train,transport
name,metro,transport
name,public transport,transport
name,home,housing
name,house,housing
name,housing,housing
name,rent,housing
name,mortgage,housing
name,furniture,housing
name,household,housing
name,repairs,housing
name,communal,utilities
name,utilities,utilities
name,bills,utilities
name,electricity,utilities
name,water,utilities
name,heating,utilities
name,internet,utilities
name,broadband,utilities
name,phone,utilities
name,mobile,utilities
name,leisure,leisure
name,entertainment,leisure
name,fun,leisure
name,hobbies,leisure
name,hobby,leisure
name,cinema,leisure
name,movies,leisure
name,games,leisure
name,gaming,leisure
name,subscriptions,leisure
name,streaming,leisure
name,going out,leisure
name,self-care,selfcare
name,self care,selfcare
name,selfcare,selfcare
name,beauty,selfcare
name,hair,selfcare
name,haircut,selfcare
name,barber,selfcare
name,spa,selfcare
name,cosmetics,selfcare
name,skincare,selfcare
name,health,health
name,gym,health
name,fitness,health
name,sport,health
name,sports,health
name,pharmacy,health
name,medicine,health
name,doctor,health
name,dentist,health
name,medical,health
name,shopping,shopping
name,clothes,shopping
name,clothing,shopping
name,shoes,shopping
name,electronics,shopping
name,gadgets,shopping
name,travel,travel
name,holiday,travel
name,holidays,travel
name,vacation,travel
name,trips,travel
name,flights,travel
name,hotels,travel
name,education,education
name,books,education
name,courses,education
name,school,education
name,tuition,education
name,university,education
name,learning,education
name,pets,pets
name,pet,pets
name,dog,pets
name,cat,pets
name,vet,pets
name,gifts,gifts
name,gift,gifts
name,presents,gifts
name,donations,gifts
name,charity,gifts
name,family,family
name,kids,family
name,children,family
name,baby,family
name,childcare,family
name,nursery,family
name,work,work
name,business,work
name,office,work
icon,utensils,food
icon,car,transport
icon,house,housing
icon,droplet,utilities
icon,bolt,leisure
icon,sparkles,selfcare
icon,heart,health
icon,cart,shopping
icon,bag,shopping
icon,plane,travel
icon,gift,gifts
icon,book,education
icon,paw,pets
icon,phone,utilities
icon,film,leisure
icon,dumbbell,health
icon,baby,family
icon,briefcase,work
